OMRÅDE;TID;INDHOLD
Hele landet;2007;43098,31
Hele landet;2008;43098,31
Hele landet;2009;43098,31
Hele landet;2010;43098,31
Hele landet;2011;42890,60
Hele landet;2012;42892,40
Hele landet;2013;42915,70
Hele landet;2014;42921,60
Hele landet;2015;42923,53
Hele landet;2016;42925,46
Hele landet;2017;42931,00
Hele landet;2018;42934,10
Hele landet;2019;42937,80
Hele landet;2020;42943,90
Hele landet;2021;42947,00
Hele landet;2022;42951,10
Hele landet;2023;42952,00
Hele landet;2024;42954,20
Hele landet;2025;42955,60
Hele landet;2026;42956,70
Region Hovedstaden;2007;2561,27
Region Hovedstaden;2008;2561,27
Region Hovedstaden;2009;2561,27
Region Hovedstaden;2010;2561,27
Region Hovedstaden;2011;2546,20
Region Hovedstaden;2012;2546,70
Region Hovedstaden;2013;2549,10
Region Hovedstaden;2014;2558,90
Region Hovedstaden;2015;2558,96
Region Hovedstaden;2016;2559,16
Region Hovedstaden;2017;2559,15
Region Hovedstaden;2018;2559,40
Region Hovedstaden;2019;2559,40
Region Hovedstaden;2020;2562,80
Region Hovedstaden;2021;2563,10
Region Hovedstaden;2022;2563,10
Region Hovedstaden;2023;2563,10
Region Hovedstaden;2024;2563,90
Region Hovedstaden;2025;2563,90
Region Hovedstaden;2026;2564,00
København;2007;88,25
København;2008;88,25
København;2009;88,25
København;2010;88,25
København;2011;74,40
København;2012;74,80
København;2013;77,20
København;2014;86,20
København;2015;86,22
København;2016;86,40
København;2017;86,39
København;2018;86,60
København;2019;86,70
København;2020;90,10
København;2021;90,10
København;2022;90,10
København;2023;90,10
København;2024;90,90
København;2025;90,90
København;2026;90,90
Frederiksberg;2007;8,77
Frederiksberg;2008;8,77
Frederiksberg;2009;8,77
Frederiksberg;2010;8,77
Frederiksberg;2011;8,00
Frederiksberg;2012;8,00
Frederiksberg;2013;8,00
Frederiksberg;2014;8,70
Frederiksberg;2015;8,71
Frederiksberg;2016;8,71
Frederiksberg;2017;8,71
Frederiksberg;2018;8,70
Frederiksberg;2019;8,70
Frederiksberg;2020;8,70
Frederiksberg;2021;8,70
Frederiksberg;2022;8,70
Frederiksberg;2023;8,70
Frederiksberg;2024;8,70
Frederiksberg;2025;8,70
Frederiksberg;2026;8,70
Dragør;2007;18,14
Dragør;2008;18,14
Dragør;2009;18,14
Dragør;2010;18,14
Dragør;2011;18,30
Dragør;2012;18,30
Dragør;2013;18,30
Dragør;2014;18,30
Dragør;2015;18,26
Dragør;2016;18,26
Dragør;2017;18,26
Dragør;2018;18,30
Dragør;2019;18,30
Dragør;2020;18,30
Dragør;2021;18,30
Dragør;2022;18,30
Dragør;2023;18,30
Dragør;2024;18,30
Dragør;2025;18,30
Dragør;2026;18,30
Tårnby;2007;64,95
Tårnby;2008;64,95
Tårnby;2009;64,95
Tårnby;2010;64,95
Tårnby;2011;66,30
Tårnby;2012;66,10
Tårnby;2013;66,10
Tårnby;2014;66,10
Tårnby;2015;66,10
Tårnby;2016;66,10
Tårnby;2017;66,10
Tårnby;2018;66,10
Tårnby;2019;66,10
Tårnby;2020;66,10
Tårnby;2021;66,10
Tårnby;2022;66,10
Tårnby;2023;66,10
Tårnby;2024;66,10
Tårnby;2025;66,10
Tårnby;2026;66,10
Albertslund;2007;23,04
Albertslund;2008;23,04
Albertslund;2009;23,04
Albertslund;2010;23,04
Albertslund;2011;23,20
Albertslund;2012;23,20
Albertslund;2013;23,20
Albertslund;2014;23,20
Albertslund;2015;23,19
Albertslund;2016;23,19
Albertslund;2017;23,19
Albertslund;2018;23,20
Albertslund;2019;23,40
Albertslund;2020;23,40
Albertslund;2021;23,40
Albertslund;2022;23,40
Albertslund;2023;23,40
Albertslund;2024;23,40
Albertslund;2025;23,40
Albertslund;2026;23,40
Ballerup;2007;34,09
Ballerup;2008;34,09
Ballerup;2009;34,09
Ballerup;2010;34,09
Ballerup;2011;34,00
Ballerup;2012;34,00
Ballerup;2013;34,00
Ballerup;2014;34,00
Ballerup;2015;33,95
Ballerup;2016;33,95
Ballerup;2017;33,95
Ballerup;2018;34,00
Ballerup;2019;33,90
Ballerup;2020;33,90
Ballerup;2021;33,90
Ballerup;2022;33,90
Ballerup;2023;33,90
Ballerup;2024;33,90
Ballerup;2025;33,90
Ballerup;2026;33,90
Brøndby;2007;20,65
Brøndby;2008;20,65
Brøndby;2009;20,65
Brøndby;2010;20,65
Brøndby;2011;21,00
Brøndby;2012;21,00
Brøndby;2013;21,00
Brøndby;2014;21,00
Brøndby;2015;21,03
Brøndby;2016;21,03
Brøndby;2017;21,03
Brøndby;2018;21,00
Brøndby;2019;21,00
Brøndby;2020;21,00
Brøndby;2021;21,00
Brøndby;2022;21,00
Brøndby;2023;21,00
Brøndby;2024;21,00
Brøndby;2025;21,00
Brøndby;2026;21,00
Gentofte;2007;25,54
Gentofte;2008;25,54
Gentofte;2009;25,54
Gentofte;2010;25,54
Gentofte;2011;25,60
Gentofte;2012;25,60
Gentofte;2013;25,60
Gentofte;2014;25,60
Gentofte;2015;25,62
Gentofte;2016;25,62
Gentofte;2017;25,62
Gentofte;2018;25,60
Gentofte;2019;25,60
Gentofte;2020;25,60
Gentofte;2021;25,60
Gentofte;2022;25,60
Gentofte;2023;25,60
Gentofte;2024;25,60
Gentofte;2025;25,60
Gentofte;2026;25,60
Gladsaxe;2007;25,00
Gladsaxe;2008;25,00
Gladsaxe;2009;25,00
Gladsaxe;2010;25,00
Gladsaxe;2011;24,90
Gladsaxe;2012;24,90
Gladsaxe;2013;24,90
Gladsaxe;2014;24,90
Gladsaxe;2015;24,93
Gladsaxe;2016;24,93
Gladsaxe;2017;24,93
Gladsaxe;2018;24,90
Gladsaxe;2019;24,90
Gladsaxe;2020;24,90
Gladsaxe;2021;24,90
Gladsaxe;2022;24,90
Gladsaxe;2023;24,90
Gladsaxe;2024;24,90
Gladsaxe;2025;24,90
Gladsaxe;2026;24,90
Glostrup;2007;13,31
Glostrup;2008;13,31
Glostrup;2009;13,31
Glostrup;2010;13,31
Glostrup;2011;13,30
Glostrup;2012;13,30
Glostrup;2013;13,30
Glostrup;2014;13,30
Glostrup;2015;13,29
Glostrup;2016;13,29
Glostrup;2017;13,29
Glostrup;2018;13,30
Glostrup;2019;13,30
Glostrup;2020;13,30
Glostrup;2021;13,30
Glostrup;2022;13,30
Glostrup;2023;13,30
Glostrup;2024;13,30
Glostrup;2025;13,30
Glostrup;2026;13,30
Herlev;2007;12,04
Herlev;2008;12,04
Herlev;2009;12,04
Herlev;2010;12,04
Herlev;2011;12,10
Herlev;2012;12,10
Herlev;2013;12,10
Herlev;2014;12,10
Herlev;2015;12,06
Herlev;2016;12,06
Herlev;2017;12,06
Herlev;2018;12,10
Herlev;2019;12,10
Herlev;2020;12,10
Herlev;2021;12,10
Herlev;2022;12,10
Herlev;2023;12,10
Herlev;2024;12,10
Herlev;2025;12,10
Herlev;2026;12,10
Hvidovre;2007;21,91
Hvidovre;2008;21,91
Hvidovre;2009;21,91
Hvidovre;2010;21,91
Hvidovre;2011;22,90
Hvidovre;2012;22,90
Hvidovre;2013;22,90
Hvidovre;2014;22,90
Hvidovre;2015;22,93
Hvidovre;2016;22,93
Hvidovre;2017;22,93
Hvidovre;2018;22,90
Hvidovre;2019;22,90
Hvidovre;2020;22,90
Hvidovre;2021;22,90
Hvidovre;2022;22,90
Hvidovre;2023;22,90
Hvidovre;2024;22,90
Hvidovre;2025;22,90
Hvidovre;2026;22,90
Høje-Taastrup;2007;78,41
Høje-Taastrup;2008;78,41
Høje-Taastrup;2009;78,41
Høje-Taastrup;2010;78,41
Høje-Taastrup;2011;78,30
Høje-Taastrup;2012;78,30
Høje-Taastrup;2013;78,30
Høje-Taastrup;2014;78,30
Høje-Taastrup;2015;78,34
Høje-Taastrup;2016;78,34
Høje-Taastrup;2017;78,34
Høje-Taastrup;2018;78,30
Høje-Taastrup;2019;78,20
Høje-Taastrup;2020;78,20
Høje-Taastrup;2021;78,20
Høje-Taastrup;2022;78,20
Høje-Taastrup;2023;78,20
Høje-Taastrup;2024;78,20
Høje-Taastrup;2025;78,20
Høje-Taastrup;2026;78,20
Ishøj;2007;25,94
Ishøj;2008;25,94
Ishøj;2009;25,94
Ishøj;2010;25,94
Ishøj;2011;26,50
Ishøj;2012;26,50
Ishøj;2013;26,50
Ishøj;2014;26,50
Ishøj;2015;26,46
Ishøj;2016;26,46
Ishøj;2017;26,46
Ishøj;2018;26,50
Ishøj;2019;26,50
Ishøj;2020;26,50
Ishøj;2021;26,50
Ishøj;2022;26,50
Ishøj;2023;26,50
Ishøj;2024;26,50
Ishøj;2025;26,50
Ishøj;2026;26,50
Lyngby-Taarbæk;2007;38,88
Lyngby-Taarbæk;2008;38,88
Lyngby-Taarbæk;2009;38,88
Lyngby-Taarbæk;2010;38,88
Lyngby-Taarbæk;2011;38,80
Lyngby-Taarbæk;2012;38,80
Lyngby-Taarbæk;2013;38,80
Lyngby-Taarbæk;2014;38,80
Lyngby-Taarbæk;2015;38,79
Lyngby-Taarbæk;2016;38,79
Lyngby-Taarbæk;2017;38,79
Lyngby-Taarbæk;2018;38,80
Lyngby-Taarbæk;2019;38,80
Lyngby-Taarbæk;2020;38,80
Lyngby-Taarbæk;2021;38,80
Lyngby-Taarbæk;2022;38,80
Lyngby-Taarbæk;2023;38,80
Lyngby-Taarbæk;2024;38,80
Lyngby-Taarbæk;2025;38,80
Lyngby-Taarbæk;2026;38,80
Rødovre;2007;12,12
Rødovre;2008;12,12
Rødovre;2009;12,12
Rødovre;2010;12,12
Rødovre;2011;12,20
Rødovre;2012;12,20
Rødovre;2013;12,20
Rødovre;2014;12,20
Rødovre;2015;12,17
Rødovre;2016;12,17
Rødovre;2017;12,17
Rødovre;2018;12,20
Rødovre;2019;12,20
Rødovre;2020;12,20
Rødovre;2021;12,20
Rødovre;2022;12,20
Rødovre;2023;12,20
Rødovre;2024;12,20
Rødovre;2025;12,20
Rødovre;2026;12,20
Vallensbæk;2007;9,15
Vallensbæk;2008;9,15
Vallensbæk;2009;9,15
Vallensbæk;2010;9,15
Vallensbæk;2011;9,50
Vallensbæk;2012;9,50
Vallensbæk;2013;9,50
Vallensbæk;2014;9,50
Vallensbæk;2015;9,48
Vallensbæk;2016;9,48
Vallensbæk;2017;9,48
Vallensbæk;2018;9,50
Vallensbæk;2019;9,50
Vallensbæk;2020;9,50
Vallensbæk;2021;9,50
Vallensbæk;2022;9,50
Vallensbæk;2023;9,50
Vallensbæk;2024;9,50
Vallensbæk;2025;9,50
Vallensbæk;2026;9,50
Allerød;2007;67,44
Allerød;2008;67,44
Allerød;2009;67,44
Allerød;2010;67,44
Allerød;2011;67,50
Allerød;2012;67,40
Allerød;2013;67,40
Allerød;2014;67,40
Allerød;2015;67,45
Allerød;2016;67,45
Allerød;2017;67,45
Allerød;2018;67,40
Allerød;2019;67,40
Allerød;2020;67,40
Allerød;2021;67,40
Allerød;2022;67,40
Allerød;2023;67,40
Allerød;2024;67,40
Allerød;2025;67,40
Allerød;2026;67,40
Egedal;2007;125,79
Egedal;2008;125,79
Egedal;2009;125,79
Egedal;2010;125,79
Egedal;2011;125,90
Egedal;2012;125,90
Egedal;2013;125,90
Egedal;2014;125,90
Egedal;2015;125,86
Egedal;2016;125,86
Egedal;2017;125,86
Egedal;2018;125,90
Egedal;2019;125,80
Egedal;2020;125,80
Egedal;2021;125,80
Egedal;2022;125,80
Egedal;2023;125,80
Egedal;2024;125,80
Egedal;2025;125,80
Egedal;2026;125,80
Fredensborg;2007;112,08
Fredensborg;2008;112,08
Fredensborg;2009;112,08
Fredensborg;2010;112,08
Fredensborg;2011;112,10
Fredensborg;2012;112,10
Fredensborg;2013;112,10
Fredensborg;2014;112,10
Fredensborg;2015;112,08
Fredensborg;2016;112,08
Fredensborg;2017;112,08
Fredensborg;2018;112,10
Fredensborg;2019;112,10
Fredensborg;2020;112,10
Fredensborg;2021;112,10
Fredensborg;2022;112,10
Fredensborg;2023;112,10
Fredensborg;2024;112,10
Fredensborg;2025;112,10
Fredensborg;2026;112,10
Frederikssund;2007;248,63
Frederikssund;2008;248,63
Frederikssund;2009;248,63
Frederikssund;2010;248,63
Frederikssund;2011;248,50
Frederikssund;2012;248,50
Frederikssund;2013;248,50
Frederikssund;2014;248,50
Frederikssund;2015;248,49
Frederikssund;2016;248,50
Frederikssund;2017;248,50
Frederikssund;2018;248,50
Frederikssund;2019;248,50
Frederikssund;2020;248,50
Frederikssund;2021;248,50
Frederikssund;2022;248,50
Frederikssund;2023;248,50
Frederikssund;2024;248,50
Frederikssund;2025;248,50
Frederikssund;2026;248,50
Furesø;2007;56,68
Furesø;2008;56,68
Furesø;2009;56,68
Furesø;2010;56,68
Furesø;2011;56,80
Furesø;2012;56,80
Furesø;2013;56,80
Furesø;2014;56,80
Furesø;2015;56,81
Furesø;2016;56,81
Furesø;2017;56,81
Furesø;2018;56,80
Furesø;2019;56,80
Furesø;2020;56,80
Furesø;2021;56,80
Furesø;2022;56,80
Furesø;2023;56,80
Furesø;2024;56,80
Furesø;2025;56,80
Furesø;2026;56,80
Gribskov;2007;280,00
Gribskov;2008;280,00
Gribskov;2009;280,00
Gribskov;2010;280,00
Gribskov;2011;279,50
Gribskov;2012;279,50
Gribskov;2013;279,50
Gribskov;2014;279,50
Gribskov;2015;279,47
Gribskov;2016;279,47
Gribskov;2017;279,47
Gribskov;2018;279,50
Gribskov;2019;279,50
Gribskov;2020;279,50
Gribskov;2021;279,50
Gribskov;2022;279,50
Gribskov;2023;279,50
Gribskov;2024;279,50
Gribskov;2025;279,50
Gribskov;2026;279,50
Halsnæs;2007;121,19
Halsnæs;2008;121,19
Halsnæs;2009;121,19
Halsnæs;2010;121,19
Halsnæs;2011;121,90
Halsnæs;2012;121,90
Halsnæs;2013;121,90
Halsnæs;2014;121,90
Halsnæs;2015;121,93
Halsnæs;2016;121,94
Halsnæs;2017;121,94
Halsnæs;2018;121,90
Halsnæs;2019;121,90
Halsnæs;2020;121,90
Halsnæs;2021;122,00
Halsnæs;2022;122,00
Halsnæs;2023;122,00
Halsnæs;2024;122,00
Halsnæs;2025;122,00
Halsnæs;2026;122,00
Helsingør;2007;121,61
Helsingør;2008;121,61
Helsingør;2009;121,61
Helsingør;2010;121,61
Helsingør;2011;118,90
Helsingør;2012;118,90
Helsingør;2013;118,90
Helsingør;2014;118,90
Helsingør;2015;118,88
Helsingør;2016;118,88
Helsingør;2017;118,88
Helsingør;2018;118,90
Helsingør;2019;118,90
Helsingør;2020;118,90
Helsingør;2021;118,90
Helsingør;2022;118,90
Helsingør;2023;118,90
Helsingør;2024;118,90
Helsingør;2025;118,90
Helsingør;2026;118,90
Hillerød;2007;214,39
Hillerød;2008;214,39
Hillerød;2009;214,39
Hillerød;2010;214,39
Hillerød;2011;213,30
Hillerød;2012;213,40
Hillerød;2013;213,40
Hillerød;2014;213,40
Hillerød;2015;213,45
Hillerød;2016;213,45
Hillerød;2017;213,45
Hillerød;2018;213,50
Hillerød;2019;213,50
Hillerød;2020;213,50
Hillerød;2021;213,50
Hillerød;2022;213,50
Hillerød;2023;213,50
Hillerød;2024;213,50
Hillerød;2025;213,50
Hillerød;2026;213,50
Hørsholm;2007;31,38
Hørsholm;2008;31,38
Hørsholm;2009;31,38
Hørsholm;2010;31,38
Hørsholm;2011;31,30
Hørsholm;2012;31,30
Hørsholm;2013;31,30
Hørsholm;2014;31,30
Hørsholm;2015;31,29
Hørsholm;2016;31,29
Hørsholm;2017;31,29
Hørsholm;2018;31,30
Hørsholm;2019;31,30
Hørsholm;2020;31,30
Hørsholm;2021;31,30
Hørsholm;2022;31,30
Hørsholm;2023;31,30
Hørsholm;2024;31,30
Hørsholm;2025;31,30
Hørsholm;2026;31,30
Rudersdal;2007;73,34
Rudersdal;2008;73,34
Rudersdal;2009;73,34
Rudersdal;2010;73,34
Rudersdal;2011;73,30
Rudersdal;2012;73,30
Rudersdal;2013;73,30
Rudersdal;2014;73,30
Rudersdal;2015;73,35
Rudersdal;2016;73,35
Rudersdal;2017;73,35
Rudersdal;2018;73,30
Rudersdal;2019;73,30
Rudersdal;2020;73,30
Rudersdal;2021;73,30
Rudersdal;2022;73,30
Rudersdal;2023;73,30
Rudersdal;2024;73,40
Rudersdal;2025;73,40
Rudersdal;2026;73,40
Bornholm;2007;588,15
Bornholm;2008;588,15
Bornholm;2009;588,15
Bornholm;2010;588,15
Bornholm;2011;588,30
Bornholm;2012;588,30
Bornholm;2013;588,30
Bornholm;2014;588,30
Bornholm;2015;588,36
Bornholm;2016;588,36
Bornholm;2017;588,36
Bornholm;2018;588,40
Bornholm;2019;588,40
Bornholm;2020;588,40
Bornholm;2021;588,50
Bornholm;2022;588,50
Bornholm;2023;588,50
Bornholm;2024;588,50
Bornholm;2025;588,60
Bornholm;2026;588,60
Christiansø;2007;0,40
Christiansø;2008;0,40
Christiansø;2009;0,40
Christiansø;2010;0,40
Christiansø;2011;..
Christiansø;2012;..
Christiansø;2013;..
Christiansø;2014;..
Christiansø;2015;0,00
Christiansø;2016;0,00
Christiansø;2017;0,00
Christiansø;2018;0,00
Christiansø;2019;0,00
Christiansø;2020;0,00
Christiansø;2021;0,00
Christiansø;2022;0,00
Christiansø;2023;0,00
Christiansø;2024;0,00
Christiansø;2025;0,00
Christiansø;2026;0,00
Region Sjælland;2007;7273,21
Region Sjælland;2008;7273,21
Region Sjælland;2009;7273,21
Region Sjælland;2010;7273,21
Region Sjælland;2011;7217,20
Region Sjælland;2012;7217,40
Region Sjælland;2013;7222,60
Region Sjælland;2014;7222,80
Region Sjælland;2015;7223,14
Region Sjælland;2016;7223,97
Region Sjælland;2017;7224,07
Region Sjælland;2018;7224,30
Region Sjælland;2019;7225,30
Region Sjælland;2020;7225,80
Region Sjælland;2021;7226,40
Region Sjælland;2022;7226,50
Region Sjælland;2023;7226,60
Region Sjælland;2024;7227,10
Region Sjælland;2025;7227,10
Region Sjælland;2026;7227,20
Greve;2007;60,18
Greve;2008;60,18
Greve;2009;60,18
Greve;2010;60,18
Greve;2011;60,40
Greve;2012;60,40
Greve;2013;60,40
Greve;2014;60,40
Greve;2015;60,36
Greve;2016;60,36
Greve;2017;60,36
Greve;2018;60,40
Greve;2019;60,40
Greve;2020;60,40
Greve;2021;60,40
Greve;2022;60,40
Greve;2023;60,40
Greve;2024;60,40
Greve;2025;60,40
Greve;2026;60,40
Køge;2007;255,47
Køge;2008;255,47
Køge;2009;255,47
Køge;2010;255,47
Køge;2011;256,50
Køge;2012;256,50
Køge;2013;256,50
Køge;2014;256,50
Køge;2015;256,52
Køge;2016;257,02
Køge;2017;257,02
Køge;2018;257,20
Køge;2019;257,30
Køge;2020;257,50
Køge;2021;257,50
Køge;2022;257,50
Køge;2023;257,50
Køge;2024;257,50
Køge;2025;257,50
Køge;2026;257,50
Lejre;2007;240,07
Lejre;2008;240,07
Lejre;2009;240,07
Lejre;2010;240,07
Lejre;2011;238,90
Lejre;2012;238,90
Lejre;2013;238,90
Lejre;2014;238,90
Lejre;2015;238,92
Lejre;2016;238,92
Lejre;2017;238,92
Lejre;2018;238,90
Lejre;2019;238,90
Lejre;2020;238,90
Lejre;2021;238,90
Lejre;2022;238,90
Lejre;2023;239,00
Lejre;2024;239,00
Lejre;2025;239,00
Lejre;2026;239,00
Roskilde;2007;211,88
Roskilde;2008;211,88
Roskilde;2009;211,88
Roskilde;2010;211,88
Roskilde;2011;211,80
Roskilde;2012;211,80
Roskilde;2013;211,80
Roskilde;2014;211,80
Roskilde;2015;211,82
Roskilde;2016;211,82
Roskilde;2017;211,82
Roskilde;2018;211,80
Roskilde;2019;211,80
Roskilde;2020;211,80
Roskilde;2021;211,80
Roskilde;2022;211,80
Roskilde;2023;211,80
Roskilde;2024;211,80
Roskilde;2025;211,80
Roskilde;2026;211,80
Solrød;2007;39,99
Solrød;2008;39,99
Solrød;2009;39,99
Solrød;2010;39,99
Solrød;2011;40,10
Solrød;2012;40,10
Solrød;2013;40,10
Solrød;2014;40,10
Solrød;2015;40,08
Solrød;2016;40,07
Solrød;2017;40,08
Solrød;2018;40,10
Solrød;2019;40,10
Solrød;2020;40,10
Solrød;2021;40,10
Solrød;2022;40,10
Solrød;2023;40,10
Solrød;2024;40,10
Solrød;2025;40,10
Solrød;2026;40,10
Faxe;2007;404,54
Faxe;2008;404,54
Faxe;2009;404,54
Faxe;2010;404,54
Faxe;2011;404,90
Faxe;2012;404,90
Faxe;2013;404,90
Faxe;2014;404,90
Faxe;2015;404,92
Faxe;2016;404,92
Faxe;2017;404,92
Faxe;2018;404,90
Faxe;2019;404,90
Faxe;2020;404,90
Faxe;2021;404,90
Faxe;2022;404,90
Faxe;2023;404,90
Faxe;2024;404,90
Faxe;2025;404,90
Faxe;2026;404,90
Guldborgsund;2007;903,42
Guldborgsund;2008;903,42
Guldborgsund;2009;903,42
Guldborgsund;2010;903,42
Guldborgsund;2011;899,30
Guldborgsund;2012;899,30
Guldborgsund;2013;900,60
Guldborgsund;2014;900,60
Guldborgsund;2015;900,64
Guldborgsund;2016;900,64
Guldborgsund;2017;900,64
Guldborgsund;2018;900,60
Guldborgsund;2019;900,60
Guldborgsund;2020;900,60
Guldborgsund;2021;900,70
Guldborgsund;2022;900,70
Guldborgsund;2023;900,60
Guldborgsund;2024;900,60
Guldborgsund;2025;900,60
Guldborgsund;2026;900,60
Holbæk;2007;578,74
Holbæk;2008;578,74
Holbæk;2009;578,74
Holbæk;2010;578,74
Holbæk;2011;577,20
Holbæk;2012;577,20
Holbæk;2013;577,20
Holbæk;2014;577,20
Holbæk;2015;577,23
Holbæk;2016;577,24
Holbæk;2017;577,24
Holbæk;2018;577,20
Holbæk;2019;577,20
Holbæk;2020;577,20
Holbæk;2021;577,30
Holbæk;2022;577,30
Holbæk;2023;577,30
Holbæk;2024;577,30
Holbæk;2025;577,30
Holbæk;2026;577,30
Kalundborg;2007;603,73
Kalundborg;2008;603,73
Kalundborg;2009;603,73
Kalundborg;2010;603,73
Kalundborg;2011;575,00
Kalundborg;2012;575,00
Kalundborg;2013;575,10
Kalundborg;2014;575,10
Kalundborg;2015;575,17
Kalundborg;2016;575,17
Kalundborg;2017;575,25
Kalundborg;2018;575,30
Kalundborg;2019;575,30
Kalundborg;2020;575,40
Kalundborg;2021;575,40
Kalundborg;2022;575,60
Kalundborg;2023;575,50
Kalundborg;2024;575,60
Kalundborg;2025;575,60
Kalundborg;2026;575,60
Lolland;2007;891,92
Lolland;2008;891,92
Lolland;2009;891,92
Lolland;2010;891,92
Lolland;2011;882,20
Lolland;2012;882,20
Lolland;2013;886,00
Lolland;2014;886,10
Lolland;2015;886,08
Lolland;2016;886,11
Lolland;2017;886,12
Lolland;2018;886,10
Lolland;2019;886,10
Lolland;2020;886,20
Lolland;2021;886,60
Lolland;2022;886,60
Lolland;2023;886,60
Lolland;2024;886,70
Lolland;2025;886,70
Lolland;2026;886,70
Næstved;2007;683,88
Næstved;2008;683,88
Næstved;2009;683,88
Næstved;2010;683,88
Næstved;2011;676,40
Næstved;2012;676,40
Næstved;2013;676,40
Næstved;2014;676,40
Næstved;2015;676,80
Næstved;2016;676,80
Næstved;2017;676,80
Næstved;2018;676,80
Næstved;2019;676,80
Næstved;2020;676,80
Næstved;2021;676,80
Næstved;2022;676,80
Næstved;2023;676,80
Næstved;2024;676,80
Næstved;2025;676,80
Næstved;2026;676,80
Odsherred;2007;355,30
Odsherred;2008;355,30
Odsherred;2009;355,30
Odsherred;2010;355,30
Odsherred;2011;354,10
Odsherred;2012;354,10
Odsherred;2013;354,10
Odsherred;2014;354,10
Odsherred;2015;354,11
Odsherred;2016;354,11
Odsherred;2017;354,11
Odsherred;2018;354,10
Odsherred;2019;354,10
Odsherred;2020;354,10
Odsherred;2021;354,20
Odsherred;2022;354,20
Odsherred;2023;354,10
Odsherred;2024;354,20
Odsherred;2025;354,20
Odsherred;2026;354,20
Ringsted;2007;295,48
Ringsted;2008;295,48
Ringsted;2009;295,48
Ringsted;2010;295,48
Ringsted;2011;294,60
Ringsted;2012;294,60
Ringsted;2013;294,60
Ringsted;2014;294,60
Ringsted;2015;294,57
Ringsted;2016;294,70
Ringsted;2017;294,70
Ringsted;2018;294,70
Ringsted;2019;294,70
Ringsted;2020;294,70
Ringsted;2021;294,70
Ringsted;2022;294,70
Ringsted;2023;294,70
Ringsted;2024;294,70
Ringsted;2025;294,70
Ringsted;2026;294,70
Slagelse;2007;567,34
Slagelse;2008;567,34
Slagelse;2009;567,34
Slagelse;2010;567,34
Slagelse;2011;568,00
Slagelse;2012;568,00
Slagelse;2013;568,00
Slagelse;2014;568,00
Slagelse;2015;567,98
Slagelse;2016;567,98
Slagelse;2017;567,98
Slagelse;2018;568,00
Slagelse;2019;568,30
Slagelse;2020;568,30
Slagelse;2021;568,30
Slagelse;2022;568,50
Slagelse;2023;568,50
Slagelse;2024;568,50
Slagelse;2025;568,50
Slagelse;2026;568,50
Sorø;2007;309,93
Sorø;2008;309,93
Sorø;2009;309,93
Sorø;2010;309,93
Sorø;2011;308,30
Sorø;2012;308,30
Sorø;2013;308,30
Sorø;2014;308,30
Sorø;2015;308,33
Sorø;2016;308,49
Sorø;2017;308,49
Sorø;2018;308,50
Sorø;2019;308,50
Sorø;2020;308,50
Sorø;2021;308,50
Sorø;2022;308,50
Sorø;2023;308,50
Sorø;2024;308,50
Sorø;2025;308,50
Sorø;2026;308,50
Stevns;2007;250,19
Stevns;2008;250,19
Stevns;2009;250,19
Stevns;2010;250,19
Stevns;2011;250,10
Stevns;2012;250,10
Stevns;2013;250,10
Stevns;2014;250,10
Stevns;2015;250,08
Stevns;2016;250,08
Stevns;2017;250,08
Stevns;2018;250,10
Stevns;2019;250,10
Stevns;2020;250,10
Stevns;2021;250,10
Stevns;2022;250,10
Stevns;2023;250,10
Stevns;2024;250,10
Stevns;2025;250,10
Stevns;2026;250,10
Vordingborg;2007;621,15
Vordingborg;2008;621,15
Vordingborg;2009;621,15
Vordingborg;2010;621,15
Vordingborg;2011;619,50
Vordingborg;2012;619,60
Vordingborg;2013;619,60
Vordingborg;2014;619,60
Vordingborg;2015;619,54
Vordingborg;2016;619,54
Vordingborg;2017;619,54
Vordingborg;2018;619,50
Vordingborg;2019;620,20
Vordingborg;2020;620,20
Vordingborg;2021;620,20
Vordingborg;2022;620,00
Vordingborg;2023;620,10
Vordingborg;2024;620,30
Vordingborg;2025;620,30
Vordingborg;2026;620,30
Region Syddanmark;2007;12206,17
Region Syddanmark;2008;12206,17
Region Syddanmark;2009;12206,17
Region Syddanmark;2010;12206,17
Region Syddanmark;2011;12255,00
Region Syddanmark;2012;12255,50
Region Syddanmark;2013;12255,60
Region Syddanmark;2014;12255,60
Region Syddanmark;2015;12256,05
Region Syddanmark;2016;12256,44
Region Syddanmark;2017;12260,05
Region Syddanmark;2018;12260,30
Region Syddanmark;2019;12260,40
Region Syddanmark;2020;12261,70
Region Syddanmark;2021;12262,60
Region Syddanmark;2022;12266,20
Region Syddanmark;2023;12266,30
Region Syddanmark;2024;12266,30
Region Syddanmark;2025;12266,50
Region Syddanmark;2026;12266,80
Assens;2007;512,20
Assens;2008;512,20
Assens;2009;512,20
Assens;2010;512,20
Assens;2011;511,30
Assens;2012;511,40
Assens;2013;511,40
Assens;2014;511,40
Assens;2015;511,38
Assens;2016;511,51
Assens;2017;511,51
Assens;2018;511,50
Assens;2019;511,50
Assens;2020;511,50
Assens;2021;511,60
Assens;2022;511,60
Assens;2023;511,60
Assens;2024;511,60
Assens;2025;511,60
Assens;2026;511,60
Faaborg-Midtfyn;2007;637,42
Faaborg-Midtfyn;2008;637,42
Faaborg-Midtfyn;2009;637,42
Faaborg-Midtfyn;2010;637,42
Faaborg-Midtfyn;2011;633,60
Faaborg-Midtfyn;2012;633,60
Faaborg-Midtfyn;2013;633,60
Faaborg-Midtfyn;2014;633,60
Faaborg-Midtfyn;2015;633,58
Faaborg-Midtfyn;2016;633,58
Faaborg-Midtfyn;2017;633,63
Faaborg-Midtfyn;2018;633,60
Faaborg-Midtfyn;2019;633,60
Faaborg-Midtfyn;2020;633,60
Faaborg-Midtfyn;2021;633,60
Faaborg-Midtfyn;2022;633,60
Faaborg-Midtfyn;2023;633,60
Faaborg-Midtfyn;2024;633,60
Faaborg-Midtfyn;2025;633,60
Faaborg-Midtfyn;2026;633,60
Kerteminde;2007;205,85
Kerteminde;2008;205,85
Kerteminde;2009;205,85
Kerteminde;2010;205,85
Kerteminde;2011;205,80
Kerteminde;2012;205,80
Kerteminde;2013;205,80
Kerteminde;2014;205,80
Kerteminde;2015;205,79
Kerteminde;2016;205,79
Kerteminde;2017;205,79
Kerteminde;2018;205,90
Kerteminde;2019;205,90
Kerteminde;2020;205,90
Kerteminde;2021;206,20
Kerteminde;2022;206,30
Kerteminde;2023;206,30
Kerteminde;2024;206,30
Kerteminde;2025;206,30
Kerteminde;2026;206,30
Langeland;2007;291,21
Langeland;2008;291,21
Langeland;2009;291,21
Langeland;2010;291,21
Langeland;2011;288,80
Langeland;2012;288,80
Langeland;2013;288,90
Langeland;2014;288,90
Langeland;2015;288,87
Langeland;2016;289,17
Langeland;2017;289,17
Langeland;2018;289,20
Langeland;2019;289,20
Langeland;2020;290,30
Langeland;2021;290,70
Langeland;2022;290,70
Langeland;2023;290,70
Langeland;2024;290,70
Langeland;2025;290,70
Langeland;2026;290,70
Middelfart;2007;299,93
Middelfart;2008;299,93
Middelfart;2009;299,93
Middelfart;2010;299,93
Middelfart;2011;298,80
Middelfart;2012;298,80
Middelfart;2013;298,80
Middelfart;2014;298,80
Middelfart;2015;298,79
Middelfart;2016;298,84
Middelfart;2017;298,84
Middelfart;2018;298,90
Middelfart;2019;298,90
Middelfart;2020;298,90
Middelfart;2021;298,90
Middelfart;2022;298,90
Middelfart;2023;298,90
Middelfart;2024;298,90
Middelfart;2025;298,90
Middelfart;2026;298,90
Nordfyns;2007;451,57
Nordfyns;2008;451,57
Nordfyns;2009;451,57
Nordfyns;2010;451,57
Nordfyns;2011;452,30
Nordfyns;2012;452,30
Nordfyns;2013;452,30
Nordfyns;2014;452,30
Nordfyns;2015;452,27
Nordfyns;2016;452,27
Nordfyns;2017;452,27
Nordfyns;2018;452,30
Nordfyns;2019;452,30
Nordfyns;2020;452,30
Nordfyns;2021;452,30
Nordfyns;2022;452,30
Nordfyns;2023;452,30
Nordfyns;2024;452,30
Nordfyns;2025;452,30
Nordfyns;2026;452,30
Nyborg;2007;276,24
Nyborg;2008;276,24
Nyborg;2009;276,24
Nyborg;2010;276,24
Nyborg;2011;276,50
Nyborg;2012;276,70
Nyborg;2013;276,80
Nyborg;2014;276,80
Nyborg;2015;276,78
Nyborg;2016;276,78
Nyborg;2017;276,78
Nyborg;2018;276,80
Nyborg;2019;276,80
Nyborg;2020;276,80
Nyborg;2021;276,80
Nyborg;2022;276,80
Nyborg;2023;276,80
Nyborg;2024;276,80
Nyborg;2025;276,80
Nyborg;2026;276,80
Odense;2007;304,34
Odense;2008;304,34
Odense;2009;304,34
Odense;2010;304,34
Odense;2011;305,60
Odense;2012;305,60
Odense;2013;305,60
Odense;2014;305,60
Odense;2015;305,61
Odense;2016;305,61
Odense;2017;305,61
Odense;2018;305,60
Odense;2019;305,60
Odense;2020;305,60
Odense;2021;305,60
Odense;2022;305,60
Odense;2023;305,60
Odense;2024;305,60
Odense;2025;305,60
Odense;2026;305,60
Svendborg;2007;416,63
Svendborg;2008;416,63
Svendborg;2009;416,63
Svendborg;2010;416,63
Svendborg;2011;415,40
Svendborg;2012;415,40
Svendborg;2013;415,40
Svendborg;2014;415,40
Svendborg;2015;415,40
Svendborg;2016;415,40
Svendborg;2017;415,40
Svendborg;2018;415,40
Svendborg;2019;415,40
Svendborg;2020;415,40
Svendborg;2021;415,40
Svendborg;2022;415,40
Svendborg;2023;415,40
Svendborg;2024;415,40
Svendborg;2025;415,40
Svendborg;2026;415,40
Ærø;2007;90,45
Ærø;2008;90,45
Ærø;2009;90,45
Ærø;2010;90,45
Ærø;2011;90,10
Ærø;2012;90,10
Ærø;2013;90,10
Ærø;2014;90,10
Ærø;2015;90,08
Ærø;2016;90,09
Ærø;2017;90,09
Ærø;2018;90,10
Ærø;2019;90,10
Ærø;2020;90,10
Ærø;2021;90,10
Ærø;2022;90,10
Ærø;2023;90,10
Ærø;2024;90,10
Ærø;2025;90,10
Ærø;2026;90,10
Billund;2007;536,51
Billund;2008;536,51
Billund;2009;536,51
Billund;2010;536,51
Billund;2011;540,20
Billund;2012;540,20
Billund;2013;540,20
Billund;2014;540,20
Billund;2015;540,20
Billund;2016;540,20
Billund;2017;540,20
Billund;2018;540,20
Billund;2019;540,20
Billund;2020;540,20
Billund;2021;540,20
Billund;2022;540,20
Billund;2023;540,20
Billund;2024;540,20
Billund;2025;540,20
Billund;2026;540,20
Esbjerg;2007;742,50
Esbjerg;2008;752,67
Esbjerg;2009;752,67
Esbjerg;2010;752,67
Esbjerg;2011;794,40
Esbjerg;2012;794,50
Esbjerg;2013;794,50
Esbjerg;2014;794,50
Esbjerg;2015;794,51
Esbjerg;2016;794,51
Esbjerg;2017;795,00
Esbjerg;2018;795,10
Esbjerg;2019;795,20
Esbjerg;2020;795,30
Esbjerg;2021;795,30
Esbjerg;2022;795,40
Esbjerg;2023;795,40
Esbjerg;2024;795,40
Esbjerg;2025;795,60
Esbjerg;2026;795,60
Fanø;2007;55,78
Fanø;2008;55,78
Fanø;2009;55,78
Fanø;2010;55,78
Fanø;2011;54,60
Fanø;2012;54,60
Fanø;2013;54,60
Fanø;2014;54,60
Fanø;2015;54,55
Fanø;2016;54,55
Fanø;2017;57,63
Fanø;2018;57,60
Fanø;2019;57,60
Fanø;2020;57,60
Fanø;2021;57,60
Fanø;2022;61,10
Fanø;2023;61,10
Fanø;2024;61,10
Fanø;2025;61,10
Fanø;2026;61,10
Fredericia;2007;134,46
Fredericia;2008;134,46
Fredericia;2009;134,46
Fredericia;2010;134,46
Fredericia;2011;133,60
Fredericia;2012;133,60
Fredericia;2013;133,60
Fredericia;2014;133,60
Fredericia;2015;133,62
Fredericia;2016;133,62
Fredericia;2017;133,62
Fredericia;2018;133,60
Fredericia;2019;133,60
Fredericia;2020;133,60
Fredericia;2021;133,60
Fredericia;2022;133,60
Fredericia;2023;133,60
Fredericia;2024;133,60
Fredericia;2025;133,60
Fredericia;2026;133,80
Haderslev;2007;812,64
Haderslev;2008;812,64
Haderslev;2009;812,64
Haderslev;2010;812,64
Haderslev;2011;816,60
Haderslev;2012;816,60
Haderslev;2013;816,60
Haderslev;2014;816,60
Haderslev;2015;816,80
Haderslev;2016;816,80
Haderslev;2017;816,80
Haderslev;2018;816,80
Haderslev;2019;816,80
Haderslev;2020;816,80
Haderslev;2021;816,80
Haderslev;2022;816,80
Haderslev;2023;816,80
Haderslev;2024;816,80
Haderslev;2025;816,80
Haderslev;2026;816,80
Kolding;2007;611,57
Kolding;2008;611,57
Kolding;2009;611,57
Kolding;2010;611,57
Kolding;2011;604,40
Kolding;2012;604,40
Kolding;2013;604,40
Kolding;2014;604,40
Kolding;2015;604,42
Kolding;2016;604,42
Kolding;2017;604,42
Kolding;2018;604,40
Kolding;2019;604,40
Kolding;2020;604,40
Kolding;2021;604,40
Kolding;2022;604,40
Kolding;2023;604,40
Kolding;2024;604,40
Kolding;2025;604,40
Kolding;2026;604,40
Sønderborg;2007;496,57
Sønderborg;2008;496,57
Sønderborg;2009;496,57
Sønderborg;2010;496,57
Sønderborg;2011;496,50
Sønderborg;2012;496,50
Sønderborg;2013;496,60
Sønderborg;2014;496,50
Sønderborg;2015;496,59
Sønderborg;2016;496,51
Sønderborg;2017;496,50
Sønderborg;2018;496,50
Sønderborg;2019;496,50
Sønderborg;2020;496,50
Sønderborg;2021;496,50
Sønderborg;2022;496,50
Sønderborg;2023;496,50
Sønderborg;2024;496,50
Sønderborg;2025;496,50
Sønderborg;2026;496,50
Tønder;2007;1252,39
Tønder;2008;1252,39
Tønder;2009;1252,39
Tønder;2010;1252,39
Tønder;2011;1283,80
Tønder;2012;1283,80
Tønder;2013;1283,80
Tønder;2014;1283,80
Tønder;2015;1283,89
Tønder;2016;1283,89
Tønder;2017;1283,89
Tønder;2018;1283,90
Tønder;2019;1283,90
Tønder;2020;1283,90
Tønder;2021;1283,90
Tønder;2022;1283,90
Tønder;2023;1283,90
Tønder;2024;1283,90
Tønder;2025;1283,90
Tønder;2026;1283,90
Varde;2007;1255,83
Varde;2008;1245,66
Varde;2009;1245,66
Varde;2010;1245,66
Varde;2011;1240,10
Varde;2012;1240,10
Varde;2013;1240,10
Varde;2014;1240,10
Varde;2015;1240,11
Varde;2016;1240,11
Varde;2017;1240,11
Varde;2018;1240,10
Varde;2019;1240,10
Varde;2020;1240,10
Varde;2021;1240,10
Varde;2022;1240,10
Varde;2023;1240,10
Varde;2024;1240,10
Varde;2025;1240,10
Varde;2026;1240,10
Vejen;2007;814,36
Vejen;2008;814,36
Vejen;2009;814,36
Vejen;2010;814,36
Vejen;2011;813,70
Vejen;2012;813,70
Vejen;2013;813,70
Vejen;2014;813,70
Vejen;2015;813,66
Vejen;2016;813,66
Vejen;2017;813,66
Vejen;2018;813,70
Vejen;2019;813,70
Vejen;2020;813,70
Vejen;2021;813,70
Vejen;2022;813,70
Vejen;2023;813,70
Vejen;2024;813,70
Vejen;2025;813,70
Vejen;2026;813,70
Vejle;2007;1066,17
Vejle;2008;1066,17
Vejle;2009;1066,17
Vejle;2010;1066,17
Vejle;2011;1058,40
Vejle;2012;1058,40
Vejle;2013;1058,40
Vejle;2014;1058,40
Vejle;2015;1058,43
Vejle;2016;1058,43
Vejle;2017;1058,43
Vejle;2018;1058,40
Vejle;2019;1058,50
Vejle;2020;1058,60
Vejle;2021;1058,60
Vejle;2022;1058,60
Vejle;2023;1058,60
Vejle;2024;1058,60
Vejle;2025;1058,50
Vejle;2026;1058,70
Aabenraa;2007;941,55
Aabenraa;2008;941,55
Aabenraa;2009;941,55
Aabenraa;2010;941,55
Aabenraa;2011;940,70
Aabenraa;2012;940,70
Aabenraa;2013;940,70
Aabenraa;2014;940,70
Aabenraa;2015;940,70
Aabenraa;2016;940,70
Aabenraa;2017;940,70
Aabenraa;2018;940,70
Aabenraa;2019;940,70
Aabenraa;2020;940,70
Aabenraa;2021;940,70
Aabenraa;2022;940,70
Aabenraa;2023;940,70
Aabenraa;2024;940,70
Aabenraa;2025;940,70
Aabenraa;2026;940,70
Region Midtjylland;2007;13124,34
Region Midtjylland;2008;13124,34
Region Midtjylland;2009;13124,34
Region Midtjylland;2010;13124,34
Region Midtjylland;2011;12999,40
Region Midtjylland;2012;12999,60
Region Midtjylland;2013;13005,70
Region Midtjylland;2014;13005,80
Region Midtjylland;2015;13006,23
Region Midtjylland;2016;13006,55
Region Midtjylland;2017;13006,57
Region Midtjylland;2018;13007,10
Region Midtjylland;2019;13007,30
Region Midtjylland;2020;13008,00
Region Midtjylland;2021;13011,40
Region Midtjylland;2022;13011,50
Region Midtjylland;2023;13012,00
Region Midtjylland;2024;13012,70
Region Midtjylland;2025;13013,70
Region Midtjylland;2026;13013,90
Favrskov;2007;540,86
Favrskov;2008;540,86
Favrskov;2009;540,86
Favrskov;2010;540,86
Favrskov;2011;540,30
Favrskov;2012;540,30
Favrskov;2013;540,30
Favrskov;2014;540,30
Favrskov;2015;540,29
Favrskov;2016;540,29
Favrskov;2017;540,29
Favrskov;2018;540,30
Favrskov;2019;540,30
Favrskov;2020;540,30
Favrskov;2021;540,30
Favrskov;2022;540,30
Favrskov;2023;540,60
Favrskov;2024;540,30
Favrskov;2025;540,30
Favrskov;2026;540,30
Hedensted;2007;551,54
Hedensted;2008;551,54
Hedensted;2009;551,54
Hedensted;2010;551,54
Hedensted;2011;551,10
Hedensted;2012;551,10
Hedensted;2013;551,10
Hedensted;2014;551,10
Hedensted;2015;551,00
Hedensted;2016;551,01
Hedensted;2017;551,01
Hedensted;2018;551,00
Hedensted;2019;551,00
Hedensted;2020;551,00
Hedensted;2021;551,00
Hedensted;2022;551,00
Hedensted;2023;551,00
Hedensted;2024;551,00
Hedensted;2025;551,00
Hedensted;2026;551,00
Horsens;2007;515,22
Horsens;2008;515,22
Horsens;2009;515,22
Horsens;2010;515,22
Horsens;2011;519,30
Horsens;2012;519,40
Horsens;2013;519,40
Horsens;2014;519,40
Horsens;2015;519,39
Horsens;2016;519,39
Horsens;2017;519,40
Horsens;2018;519,40
Horsens;2019;519,40
Horsens;2020;519,40
Horsens;2021;519,40
Horsens;2022;519,40
Horsens;2023;519,50
Horsens;2024;519,60
Horsens;2025;519,70
Horsens;2026;519,70
Norddjurs;2007;721,19
Norddjurs;2008;721,19
Norddjurs;2009;721,19
Norddjurs;2010;721,19
Norddjurs;2011;721,00
Norddjurs;2012;721,00
Norddjurs;2013;721,00
Norddjurs;2014;721,00
Norddjurs;2015;720,99
Norddjurs;2016;721,00
Norddjurs;2017;721,00
Norddjurs;2018;721,00
Norddjurs;2019;721,00
Norddjurs;2020;721,00
Norddjurs;2021;721,00
Norddjurs;2022;721,00
Norddjurs;2023;721,00
Norddjurs;2024;721,00
Norddjurs;2025;721,00
Norddjurs;2026;721,00
Odder;2007;225,13
Odder;2008;225,13
Odder;2009;225,13
Odder;2010;225,13
Odder;2011;223,70
Odder;2012;223,70
Odder;2013;223,70
Odder;2014;223,70
Odder;2015;223,73
Odder;2016;223,73
Odder;2017;223,75
Odder;2018;223,70
Odder;2019;223,70
Odder;2020;223,70
Odder;2021;223,70
Odder;2022;223,70
Odder;2023;223,70
Odder;2024;223,70
Odder;2025;223,80
Odder;2026;223,80
Randers;2007;746,35
Randers;2008;746,35
Randers;2009;746,35
Randers;2010;746,35
Randers;2011;747,80
Randers;2012;747,80
Randers;2013;747,80
Randers;2014;747,80
Randers;2015;747,79
Randers;2016;747,80
Randers;2017;747,80
Randers;2018;747,80
Randers;2019;747,80
Randers;2020;747,80
Randers;2021;747,80
Randers;2022;747,80
Randers;2023;747,80
Randers;2024;747,80
Randers;2025;747,80
Randers;2026;747,80
Samsø;2007;114,26
Samsø;2008;114,26
Samsø;2009;114,26
Samsø;2010;114,26
Samsø;2011;113,50
Samsø;2012;113,50
Samsø;2013;113,50
Samsø;2014;113,50
Samsø;2015;113,54
Samsø;2016;113,54
Samsø;2017;113,54
Samsø;2018;113,60
Samsø;2019;113,60
Samsø;2020;113,60
Samsø;2021;113,60
Samsø;2022;113,60
Samsø;2023;113,60
Samsø;2024;113,60
Samsø;2025;113,60
Samsø;2026;113,60
Silkeborg;2007;864,89
Silkeborg;2008;864,89
Silkeborg;2009;864,89
Silkeborg;2010;864,89
Silkeborg;2011;850,30
Silkeborg;2012;850,30
Silkeborg;2013;850,30
Silkeborg;2014;850,30
Silkeborg;2015;850,35
Silkeborg;2016;850,35
Silkeborg;2017;850,35
Silkeborg;2018;850,30
Silkeborg;2019;850,30
Silkeborg;2020;850,40
Silkeborg;2021;850,40
Silkeborg;2022;850,40
Silkeborg;2023;850,40
Silkeborg;2024;850,40
Silkeborg;2025;850,90
Silkeborg;2026;850,90
Skanderborg;2007;462,45
Skanderborg;2008;462,45
Skanderborg;2009;462,45
Skanderborg;2010;462,45
Skanderborg;2011;416,90
Skanderborg;2012;416,90
Skanderborg;2013;416,90
Skanderborg;2014;416,80
Skanderborg;2015;416,85
Skanderborg;2016;416,85
Skanderborg;2017;416,85
Skanderborg;2018;416,90
Skanderborg;2019;416,90
Skanderborg;2020;416,90
Skanderborg;2021;416,90
Skanderborg;2022;416,90
Skanderborg;2023;416,90
Skanderborg;2024;416,90
Skanderborg;2025;416,90
Skanderborg;2026;416,90
Syddjurs;2007;696,34
Syddjurs;2008;696,34
Syddjurs;2009;696,34
Syddjurs;2010;696,34
Syddjurs;2011;689,70
Syddjurs;2012;689,70
Syddjurs;2013;689,70
Syddjurs;2014;689,70
Syddjurs;2015;689,75
Syddjurs;2016;689,75
Syddjurs;2017;689,75
Syddjurs;2018;689,80
Syddjurs;2019;689,80
Syddjurs;2020;689,80
Syddjurs;2021;689,80
Syddjurs;2022;689,80
Syddjurs;2023;689,80
Syddjurs;2024;690,20
Syddjurs;2025;690,20
Syddjurs;2026;690,20
Aarhus;2007;468,87
Aarhus;2008;468,87
Aarhus;2009;468,87
Aarhus;2010;468,87
Aarhus;2011;467,60
Aarhus;2012;467,60
Aarhus;2013;467,70
Aarhus;2014;467,70
Aarhus;2015;467,85
Aarhus;2016;467,85
Aarhus;2017;467,85
Aarhus;2018;467,90
Aarhus;2019;467,90
Aarhus;2020;468,00
Aarhus;2021;468,10
Aarhus;2022;468,10
Aarhus;2023;468,10
Aarhus;2024;468,20
Aarhus;2025;468,20
Aarhus;2026;468,20
Herning;2007;1323,50
Herning;2008;1323,50
Herning;2009;1323,50
Herning;2010;1323,50
Herning;2011;1321,10
Herning;2012;1321,10
Herning;2013;1321,10
Herning;2014;1321,10
Herning;2015;1321,12
Herning;2016;1321,12
Herning;2017;1321,12
Herning;2018;1321,10
Herning;2019;1321,10
Herning;2020;1321,10
Herning;2021;1321,10
Herning;2022;1321,10
Herning;2023;1321,10
Herning;2024;1321,10
Herning;2025;1321,10
Herning;2026;1321,20
Holstebro;2007;800,19
Holstebro;2008;800,19
Holstebro;2009;800,19
Holstebro;2010;800,19
Holstebro;2011;793,00
Holstebro;2012;793,00
Holstebro;2013;793,00
Holstebro;2014;793,00
Holstebro;2015;793,03
Holstebro;2016;793,05
Holstebro;2017;793,05
Holstebro;2018;793,00
Holstebro;2019;793,00
Holstebro;2020;793,00
Holstebro;2021;793,00
Holstebro;2022;793,00
Holstebro;2023;793,00
Holstebro;2024;793,10
Holstebro;2025;793,10
Holstebro;2026;793,10
Ikast-Brande;2007;736,41
Ikast-Brande;2008;736,41
Ikast-Brande;2009;736,41
Ikast-Brande;2010;736,41
Ikast-Brande;2011;733,50
Ikast-Brande;2012;733,50
Ikast-Brande;2013;733,50
Ikast-Brande;2014;733,50
Ikast-Brande;2015;733,51
Ikast-Brande;2016;733,51
Ikast-Brande;2017;733,51
Ikast-Brande;2018;733,50
Ikast-Brande;2019;733,50
Ikast-Brande;2020;733,50
Ikast-Brande;2021;733,50
Ikast-Brande;2022;733,50
Ikast-Brande;2023;733,50
Ikast-Brande;2024;733,50
Ikast-Brande;2025;733,50
Ikast-Brande;2026;733,50
Lemvig;2007;508,17
Lemvig;2008;508,17
Lemvig;2009;508,17
Lemvig;2010;508,17
Lemvig;2011;502,70
Lemvig;2012;502,70
Lemvig;2013;508,70
Lemvig;2014;508,70
Lemvig;2015;508,77
Lemvig;2016;508,77
Lemvig;2017;508,78
Lemvig;2018;508,80
Lemvig;2019;508,80
Lemvig;2020;509,10
Lemvig;2021;509,70
Lemvig;2022;509,70
Lemvig;2023;509,70
Lemvig;2024;509,60
Lemvig;2025;509,40
Lemvig;2026;509,40
Ringkøbing-Skjern;2007;1488,82
Ringkøbing-Skjern;2008;1488,82
Ringkøbing-Skjern;2009;1488,82
Ringkøbing-Skjern;2010;1488,82
Ringkøbing-Skjern;2011;1469,50
Ringkøbing-Skjern;2012;1469,50
Ringkøbing-Skjern;2013;1469,50
Ringkøbing-Skjern;2014;1469,50
Ringkøbing-Skjern;2015;1469,72
Ringkøbing-Skjern;2016;1469,99
Ringkøbing-Skjern;2017;1469,99
Ringkøbing-Skjern;2018;1470,50
Ringkøbing-Skjern;2019;1470,60
Ringkøbing-Skjern;2020;1470,70
Ringkøbing-Skjern;2021;1473,40
Ringkøbing-Skjern;2022;1473,50
Ringkøbing-Skjern;2023;1473,50
Ringkøbing-Skjern;2024;1473,90
Ringkøbing-Skjern;2025;1474,30
Ringkøbing-Skjern;2026;1474,50
Skive;2007;690,70
Skive;2008;690,70
Skive;2009;690,70
Skive;2010;690,70
Skive;2011;683,40
Skive;2012;683,40
Skive;2013;683,40
Skive;2014;683,40
Skive;2015;683,42
Skive;2016;683,42
Skive;2017;683,42
Skive;2018;683,40
Skive;2019;683,40
Skive;2020;683,50
Skive;2021;683,50
Skive;2022;683,50
Skive;2023;683,50
Skive;2024;683,50
Skive;2025;683,60
Skive;2026;683,60
Struer;2007;250,84
Struer;2008;250,84
Struer;2009;250,84
Struer;2010;250,84
Struer;2011;246,20
Struer;2012;246,20
Struer;2013;246,20
Struer;2014;246,20
Struer;2015;246,23
Struer;2016;246,23
Struer;2017;246,21
Struer;2018;246,20
Struer;2019;246,20
Struer;2020;246,20
Struer;2021;246,20
Struer;2022;246,20
Struer;2023;246,20
Struer;2024;246,20
Struer;2025;246,20
Struer;2026;246,20
Viborg;2007;1418,61
Viborg;2008;1418,61
Viborg;2009;1418,61
Viborg;2010;1418,61
Viborg;2011;1408,70
Viborg;2012;1408,80
Viborg;2013;1408,90
Viborg;2014;1408,90
Viborg;2015;1408,89
Viborg;2016;1408,90
Viborg;2017;1408,91
Viborg;2018;1408,90
Viborg;2019;1408,90
Viborg;2020;1408,90
Viborg;2021;1408,90
Viborg;2022;1408,90
Viborg;2023;1408,90
Viborg;2024;1409,00
Viborg;2025;1409,10
Viborg;2026;1409,20
Region Nordjylland;2007;7933,32
Region Nordjylland;2008;7933,32
Region Nordjylland;2009;7933,32
Region Nordjylland;2010;7933,32
Region Nordjylland;2011;7872,70
Region Nordjylland;2012;7873,20
Region Nordjylland;2013;7878,60
Region Nordjylland;2014;7878,60
Region Nordjylland;2015;7879,14
Region Nordjylland;2016;7879,34
Region Nordjylland;2017;7881,16
Region Nordjylland;2018;7883,00
Region Nordjylland;2019;7885,40
Region Nordjylland;2020;7885,50
Region Nordjylland;2021;7883,50
Region Nordjylland;2022;7883,80
Region Nordjylland;2023;7884,00
Region Nordjylland;2024;7884,20
Region Nordjylland;2025;7884,30
Region Nordjylland;2026;7884,70
Brønderslev;2007;633,18
Brønderslev;2008;633,18
Brønderslev;2009;633,18
Brønderslev;2010;633,18
Brønderslev;2011;633,10
Brønderslev;2012;633,10
Brønderslev;2013;633,10
Brønderslev;2014;633,10
Brønderslev;2015;633,06
Brønderslev;2016;633,08
Brønderslev;2017;633,08
Brønderslev;2018;633,10
Brønderslev;2019;633,10
Brønderslev;2020;633,10
Brønderslev;2021;633,10
Brønderslev;2022;633,10
Brønderslev;2023;633,10
Brønderslev;2024;633,10
Brønderslev;2025;633,10
Brønderslev;2026;633,10
Frederikshavn;2007;648,62
Frederikshavn;2008;648,62
Frederikshavn;2009;648,62
Frederikshavn;2010;648,62
Frederikshavn;2011;649,30
Frederikshavn;2012;649,30
Frederikshavn;2013;649,40
Frederikshavn;2014;649,40
Frederikshavn;2015;649,32
Frederikshavn;2016;649,44
Frederikshavn;2017;651,04
Frederikshavn;2018;651,40
Frederikshavn;2019;652,50
Frederikshavn;2020;652,10
Frederikshavn;2021;652,30
Frederikshavn;2022;652,30
Frederikshavn;2023;652,60
Frederikshavn;2024;652,70
Frederikshavn;2025;652,70
Frederikshavn;2026;652,80
Hjørring;2007;929,58
Hjørring;2008;929,58
Hjørring;2009;929,58
Hjørring;2010;929,58
Hjørring;2011;926,60
Hjørring;2012;926,60
Hjørring;2013;926,50
Hjørring;2014;926,50
Hjørring;2015;926,60
Hjørring;2016;926,58
Hjørring;2017;926,58
Hjørring;2018;926,80
Hjørring;2019;926,80
Hjørring;2020;926,80
Hjørring;2021;926,90
Hjørring;2022;926,90
Hjørring;2023;926,90
Hjørring;2024;926,90
Hjørring;2025;926,90
Hjørring;2026;926,90
Jammerbugt;2007;872,92
Jammerbugt;2008;872,92
Jammerbugt;2009;872,92
Jammerbugt;2010;872,92
Jammerbugt;2011;863,90
Jammerbugt;2012;863,90
Jammerbugt;2013;863,90
Jammerbugt;2014;863,90
Jammerbugt;2015;864,06
Jammerbugt;2016;864,09
Jammerbugt;2017;864,09
Jammerbugt;2018;864,10
Jammerbugt;2019;864,10
Jammerbugt;2020;864,10
Jammerbugt;2021;864,10
Jammerbugt;2022;864,10
Jammerbugt;2023;864,10
Jammerbugt;2024;864,10
Jammerbugt;2025;864,10
Jammerbugt;2026;864,10
Læsø;2007;113,81
Læsø;2008;113,81
Læsø;2009;113,81
Læsø;2010;113,81
Læsø;2011;118,40
Læsø;2012;118,90
Læsø;2013;119,00
Læsø;2014;119,00
Læsø;2015;119,18
Læsø;2016;119,22
Læsø;2017;119,40
Læsø;2018;120,50
Læsø;2019;121,80
Læsø;2020;121,90
Læsø;2021;122,00
Læsø;2022;122,00
Læsø;2023;122,00
Læsø;2024;122,10
Læsø;2025;122,20
Læsø;2026;122,20
Mariagerfjord;2007;720,30
Mariagerfjord;2008;722,93
Mariagerfjord;2009;722,93
Mariagerfjord;2010;722,93
Mariagerfjord;2011;718,30
Mariagerfjord;2012;718,30
Mariagerfjord;2013;718,30
Mariagerfjord;2014;718,30
Mariagerfjord;2015;718,30
Mariagerfjord;2016;718,29
Mariagerfjord;2017;718,29
Mariagerfjord;2018;718,30
Mariagerfjord;2019;718,30
Mariagerfjord;2020;718,30
Mariagerfjord;2021;718,30
Mariagerfjord;2022;718,30
Mariagerfjord;2023;718,30
Mariagerfjord;2024;718,30
Mariagerfjord;2025;718,30
Mariagerfjord;2026;718,30
Morsø;2007;367,67
Morsø;2008;367,67
Morsø;2009;367,67
Morsø;2010;367,67
Morsø;2011;366,40
Morsø;2012;366,40
Morsø;2013;366,40
Morsø;2014;366,40
Morsø;2015;366,42
Morsø;2016;366,43
Morsø;2017;366,43
Morsø;2018;366,40
Morsø;2019;366,40
Morsø;2020;366,50
Morsø;2021;366,50
Morsø;2022;366,50
Morsø;2023;366,50
Morsø;2024;366,30
Morsø;2025;366,30
Morsø;2026;366,30
Rebild;2007;625,38
Rebild;2008;622,75
Rebild;2009;622,75
Rebild;2010;622,75
Rebild;2011;621,30
Rebild;2012;621,30
Rebild;2013;621,30
Rebild;2014;621,30
Rebild;2015;621,26
Rebild;2016;621,26
Rebild;2017;621,26
Rebild;2018;621,30
Rebild;2019;621,30
Rebild;2020;621,30
Rebild;2021;621,30
Rebild;2022;621,30
Rebild;2023;621,30
Rebild;2024;621,30
Rebild;2025;621,20
Rebild;2026;621,20
Thisted;2007;1101,65
Thisted;2008;1101,65
Thisted;2009;1101,65
Thisted;2010;1101,65
Thisted;2011;1068,50
Thisted;2012;1068,50
Thisted;2013;1073,70
Thisted;2014;1073,70
Thisted;2015;1073,85
Thisted;2016;1073,85
Thisted;2017;1073,88
Thisted;2018;1073,90
Thisted;2019;1074,00
Thisted;2020;1074,30
Thisted;2021;1072,10
Thisted;2022;1072,20
Thisted;2023;1072,20
Thisted;2024;1072,20
Thisted;2025;1072,20
Thisted;2026;1072,40
Vesthimmerlands;2007;776,22
Vesthimmerlands;2008;776,22
Vesthimmerlands;2009;776,22
Vesthimmerlands;2010;776,22
Vesthimmerlands;2011;769,80
Vesthimmerlands;2012;769,80
Vesthimmerlands;2013;769,80
Vesthimmerlands;2014;769,80
Vesthimmerlands;2015;769,79
Vesthimmerlands;2016;769,79
Vesthimmerlands;2017;769,79
Vesthimmerlands;2018;769,80
Vesthimmerlands;2019;769,80
Vesthimmerlands;2020;769,70
Vesthimmerlands;2021;769,80
Vesthimmerlands;2022;769,70
Vesthimmerlands;2023;769,70
Vesthimmerlands;2024;769,70
Vesthimmerlands;2025;769,70
Vesthimmerlands;2026;769,70
Aalborg;2007;1143,99
Aalborg;2008;1143,99
Aalborg;2009;1143,99
Aalborg;2010;1143,99
Aalborg;2011;1137,20
Aalborg;2012;1137,10
Aalborg;2013;1137,30
Aalborg;2014;1137,30
Aalborg;2015;1137,31
Aalborg;2016;1137,31
Aalborg;2017;1137,33
Aalborg;2018;1137,40
Aalborg;2019;1137,40
Aalborg;2020;1137,40
Aalborg;2021;1137,40
Aalborg;2022;1137,30
Aalborg;2023;1137,30
Aalborg;2024;1137,50
Aalborg;2025;1137,60
Aalborg;2026;1137,70
